,Tweets,Tweets
25,The Creator of iss Christ Photographs Trump Torture and a Killer Clown httpstcoSHtWsSYa0a via @vice,The Creator of Piss Christ Photographs Trump Torture and a Killer Clown httpstcoSHtWsSYa0a via @vice
45,ix voids Christ that sounds ominous Fred West Six voids found under cafe linked to serial killer and miss httpstcomDzaZs6skj,Six voids Christ that sounds ominous Fred West Six voids found under cafe linked to serial killer and miss httpstcomDzaZs6skj
60,@LUBOttom @YesAnastasia13 @ImaniBarbarin The question is which group of Christians is blathering that nonsense Te httpstcoYbyeTTUer1,Jesus Christ I didnt expect Biden to be THIS fucking bad Literal child-killer at this point good job jackass
61,nan,@LUBOttom @YesAnastasia13 @ImaniBarbarin The question is which group of Christians is blathering that nonsense Te httpstcoYbyeTTUer1
149,@heebs Always Heebsove you too Literally keeping you guys in my prayers daily during these times ,@heebs Always Heebslove you too Literally keeping you guys in my prayers daily during these times 
317,RT @CHAIMCentre Congrats to @NeuroCarleton prof @HymieAnisman on releasing a second edition of his book ealth Psychology  This upd,RT @CHAIMCentre Congrats to @NeuroCarleton prof @HymieAnisman on releasing a second edition of his book Health Psychology  This upd
500,RT @UKOAP Congo bishop in the face of Muslim persecution of Christians e are in a state of utter misery - httpstco9Ehs44bAgB via,RT @UKOAP Congo bishop in the face of Muslim persecution of Christians We are in a state of utter misery - httpstco9Ehs44bAgB via
553,Hanif Kureishi d like to see a British Muslim Sopranos httpstcoiVBJem0fw8,Hanif Kureishi Id like to see a British Muslim Sopranos httpstcoiVBJem0fw8
568,RT @OpIndiacom Extremists in Uganda chase Christian Pastor while shouting llahu-Akbar beheads him for debating about Islamhttpst,RT @OpIndiacom Extremists in Uganda chase Christian Pastor while shouting Allahu-Akbar beheads him for debating about Islamhttpst
577,RT @OpIndiacom Extremists in Uganda chase Christian Pastor while shouting llahu-Akbar beheads him for debating about Islamhttpst,RT @OpIndiacom Extremists in Uganda chase Christian Pastor while shouting Allahu-Akbar beheads him for debating about Islamhttpst
591,@archiegee64 ll of us are not important Islam is important than anythingI respect your religion but that doe httpstco1pFOwjGRU0,@archiegee64 all of us are not important Islam is important than anythingI respect your religion but that doe httpstco1pFOwjGRU0
610,adman  racist sexist pig new book details Obamas real thoughts on Trump httpstcoyRknpHqhEj,Madman  racist sexist pig new book details Obamas real thoughts on Trump httpstcoyRknpHqhEj
611,@PlayAdoptMe rading  I do Offer  like  nty sorry 2 sharks one post-teen one newborn one octopus juniorgol httpstcobZrIpbO4sO,@PlayAdoptMe Trading  I do Offer  like  nty sorry 2 sharks one post-teen one newborn one octopus juniorgol httpstcobZrIpbO4sO
734,RT @nailainayat From citing false Hitler quotes to quoting fake antisemitic hoax Pakistan parliamentarians want to uke Israel declare,RT @nailainayat From citing false Hitler quotes to quoting fake antisemitic hoax Pakistan parliamentarians want to nuke Israel declare
987,@luusdraw @Jay83036017 @adenabyan1 @IDF This is the truth of Pisslamoderate Muslims like you do this crap httpstcoxMRKVWTWBt,@luusdraw @Jay83036017 @adenabyan1 @IDF This is the truth of PisslamModerate Muslims like you do this crap httpstcoxMRKVWTWBt
997,RT @billkinppfilm face the wind feel the sand kiss the sky astTwilightInPhuket httpstcoHnWrYlxJYq,RT @billkinppfilm face the wind feel the sand kiss the sky LastTwilightInPhuket httpstcoHnWrYlxJYq
1076,RT @czajks @Forbes he used terms pakiampaghead to describe colleagues in army escaped suspension and disciplinary because he used the,RT @czajks @Forbes he used terms pakiampraghead to describe colleagues in army escaped suspension and disciplinary because he used the
1319,The Creator of iss Christ Photographs Trump Torture and a Killer Clown httpstcoSHtWsSYa0a via @vice,The Creator of Piss Christ Photographs Trump Torture and a Killer Clown httpstcoSHtWsSYa0a via @vice
1339,ix voids Christ that sounds ominous Fred West Six voids found under cafe linked to serial killer and miss httpstcomDzaZs6skj,Six voids Christ that sounds ominous Fred West Six voids found under cafe linked to serial killer and miss httpstcomDzaZs6skj
1426,@heebs Always Heebsove you too Literally keeping you guys in my prayers daily during these times ,@heebs Always Heebslove you too Literally keeping you guys in my prayers daily during these times 
1644, could hear their screams Inside Gazas Al-Wehda Street massacre but of course you wont hear it on Western me httpstcoR7b4VPhD3Q,I could hear their screams Inside Gazas Al-Wehda Street massacre but of course you wont hear it on Western me httpstcoR7b4VPhD3Q
1679,RT @theforeverman UN says lives of children in Gaza ell on Earth but does nothing no sanctions against the ZioNazi entity because ever,RT @theforeverman UN says lives of children in Gaza Hell on Earth but does nothing no sanctions against the ZioNazi entity because ever
1682,UN says lives of children in Gaza ell on Earth but does nothing no sanctions against the ZioNazi entity because httpstcoSF5xu3Swjq,UN says lives of children in Gaza Hell on Earth but does nothing no sanctions against the ZioNazi entity because httpstcoSF5xu3Swjq
1848,f Northern States Can Ban Beer Pig Farming Southern States Can Ban Open GrazingOmokri Slams Malami httpstcoA8LYFTowkB,If Northern States Can Ban Beer Pig Farming Southern States Can Ban Open GrazingOmokri Slams Malami httpstcoA8LYFTowkB
1979,RT @jihadwatchRS Pakistan Muslims target leader of rival Islamic group at rally for alestinian jihad murder six people httpstcoA,RT @jihadwatchRS Pakistan Muslims target leader of rival Islamic group at rally for Palestinian jihad murder six people httpstcoA
1980,RT @jihadwatchRS Pakistan Muslims target leader of rival Islamic group at rally for alestinian jihad murder six people httpstcoA,RT @jihadwatchRS Pakistan Muslims target leader of rival Islamic group at rally for Palestinian jihad murder six people httpstcoA
1993,RT @jihadwatchRS Pakistan Muslims target leader of rival Islamic group at rally for alestinian jihad murder six people httpstcoA,RT @jihadwatchRS Pakistan Muslims target leader of rival Islamic group at rally for Palestinian jihad murder six people httpstcoA
2248,@luusdraw @Jay83036017 @adenabyan1 @IDF This is the truth of Pisslamoderate Muslims like you do this crap httpstcoxMRKVWTWBt,@luusdraw @Jay83036017 @adenabyan1 @IDF This is the truth of PisslamModerate Muslims like you do this crap httpstcoxMRKVWTWBt
2262,RT @billkinppfilm face the wind feel the sand kiss the sky astTwilightInPhuket httpstcoHnWrYlxJYq,RT @billkinppfilm face the wind feel the sand kiss the sky LastTwilightInPhuket httpstcoHnWrYlxJYq
2327,@mmetcalf @p0rkatsu @MadnessHarkle @yankeewally2 He also called him aghead another racial slurunbelievably httpstcoe8raRmhv9w,@mmetcalf @p0rkatsu @MadnessHarkle @yankeewally2 He also called him raghead another racial slurunbelievably httpstcoe8raRmhv9w
2330,@ConstanceRonal1 @MaisonEvent Racist Who wore nazi uniform and who called his fellows P@ and aghead Who told a httpstcocuLbjn0yfg,@ConstanceRonal1 @MaisonEvent Racist Who wore nazi uniform and who called his fellows P@ and raghead Who told a httpstcocuLbjn0yfg
2347,RT @czajks @Forbes he used terms pakiampaghead to describe colleagues in army escaped suspension and disciplinary because he used the,RT @czajks @Forbes he used terms pakiampraghead to describe colleagues in army escaped suspension and disciplinary because he used the
2407,RT @MAliISP TeamISP@WeareISPIANS List Num 2MAliISP MumRZ1 stfubishh J786 SyedHifzain0RoMma aswadibarheem2,RT @MAliISP TeamISP@WeareISPIANS List Num 2@MAliISP @MumRZ1 @stfubishh @J786 @SyedHifzain@0RoMma @aswadibarheem2
2546,Christ killer was a a common anti-Semitic slur used through the centuries as an excuse to slaughter and expel Jews httpstcoXzfrGaRycM,Christ killer was a a common anti-Semitic slur used through the centuries as an excuse to slaughter and expel Je httpstcoXzfrGaRycM
2708,@heebs Always Heebsove you too Literally keeping you guys in my prayers daily during these times ,@heebs Always Heebslove you too Literally keeping you guys in my prayers daily during these times 
3236,RT @jihadwatchRS Illinois Pro-jihad demonstrators scream ill the Jews httpstcoySIKxTK0Bi httpstcoDfE3U4y1Na,RT @jihadwatchRS Illinois Pro-jihad demonstrators scream Kill the Jews httpstcoySIKxTK0Bi httpstcoDfE3U4y1Na
3241,RT @jihadwatchRS Illinois Pro-jihad demonstrators scream ill the Jews httpstcoySIKxTK0Bi httpstcoDfE3U4y1Na,RT @jihadwatchRS Illinois Pro-jihad demonstrators scream Kill the Jews httpstcoySIKxTK0Bi httpstcoDfE3U4y1Na
3242,RT @jihadwatchRS Illinois Pro-jihad demonstrators scream ill the Jews httpstcoySIKxTK0Bi httpstcoDfE3U4y1Na,RT @jihadwatchRS Illinois Pro-jihad demonstrators scream Kill the Jews httpstcoySIKxTK0Bi httpstcoDfE3U4y1Na
3246,RT @jihadwatchRS Illinois Pro-jihad demonstrators scream ill the Jews httpstcoySIKxTK0Bi httpstcoDfE3U4y1Na,RT @jihadwatchRS Illinois Pro-jihad demonstrators scream Kill the Jews httpstcoySIKxTK0Bi httpstcoDfE3U4y1Na
3247,RT @jihadwatchRS Illinois Pro-jihad demonstrators scream ill the Jews httpstcoySIKxTK0Bi httpstcoDfE3U4y1Na,RT @jihadwatchRS Illinois Pro-jihad demonstrators scream Kill the Jews httpstcoySIKxTK0Bi httpstcoDfE3U4y1Na
3250,RT @jihadwatchRS Illinois Pro-jihad demonstrators scream ill the Jews httpstcoySIKxTK0Bi httpstcoDfE3U4y1Na,RT @jihadwatchRS Illinois Pro-jihad demonstrators scream Kill the Jews httpstcoySIKxTK0Bi httpstcoDfE3U4y1Na
3253,RT @jihadwatchRS Illinois Pro-jihad demonstrators scream ill the Jews httpstcoySIKxTK0Bi httpstcoDfE3U4y1Na,RT @jihadwatchRS Illinois Pro-jihad demonstrators scream Kill the Jews httpstcoySIKxTK0Bi httpstcoDfE3U4y1Na
3254,RT @jihadwatchRS Illinois Pro-jihad demonstrators scream ill the Jews httpstcoySIKxTK0Bi httpstcoDfE3U4y1Na,RT @jihadwatchRS Illinois Pro-jihad demonstrators scream Kill the Jews httpstcoySIKxTK0Bi httpstcoDfE3U4y1Na
3256,Illinois Pro-jihad demonstrators scream ill the Jews httpstcoySIKxTK0Bi httpstcoDfE3U4y1Na,Illinois Pro-jihad demonstrators scream Kill the Jews httpstcoySIKxTK0Bi httpstcoDfE3U4y1Na
3307,RT @eOrganiser Organiser Editor @prafullaketkar s Twitter account restricted for calling Purnea violence ihadi attack on Hindus http,RT @eOrganiser Organiser Editor @prafullaketkar s Twitter account restricted for calling Purnea violence Jihadi attack on Hindus http
3309,RT @eOrganiser Organiser Editor @prafullaketkar s Twitter account restricted for calling Purnea violence ihadi attack on Hindus http,RT @eOrganiser Organiser Editor @prafullaketkar s Twitter account restricted for calling Purnea violence Jihadi attack on Hindus http
3329,RT @eOrganiser Organiser Editor @prafullaketkar s Twitter account restricted for calling Purnea violence ihadi attack on Hindus http,RT @eOrganiser Organiser Editor @prafullaketkar s Twitter account restricted for calling Purnea violence Jihadi attack on Hindus http
3335,RT @eOrganiser Organiser Editor @prafullaketkar s Twitter account restricted for calling Purnea violence ihadi attack on Hindus http,RT @eOrganiser Organiser Editor @prafullaketkar s Twitter account restricted for calling Purnea violence Jihadi attack on Hindus http
3336,RT @eOrganiser Organiser Editor @prafullaketkar s Twitter account restricted for calling Purnea violence ihadi attack on Hindus http,RT @eOrganiser Organiser Editor @prafullaketkar s Twitter account restricted for calling Purnea violence Jihadi attack on Hindus http
3357,RT @eOrganiser Organiser Editor @prafullaketkar s Twitter account restricted for calling Purnea violence ihadi attack on Hindus http,RT @eOrganiser Organiser Editor @prafullaketkar s Twitter account restricted for calling Purnea violence Jihadi attack on Hindus http
3541,RT @billkinppfilm face the wind feel the sand kiss the sky astTwilightInPhuket httpstcoHnWrYlxJYq,RT @billkinppfilm face the wind feel the sand kiss the sky LastTwilightInPhuket httpstcoHnWrYlxJYq
3618,@mmetcalf @p0rkatsu @MadnessHarkle @yankeewally2 He also called him aghead another racial slurunbelievably httpstcoe8raRmhv9w,@mmetcalf @p0rkatsu @MadnessHarkle @yankeewally2 He also called him raghead another racial slurunbelievably httpstcoe8raRmhv9w
3621,@ConstanceRonal1 @MaisonEvent Racist Who wore nazi uniform and who called his fellows P@ and aghead Who told a httpstcocuLbjn0yfg,@ConstanceRonal1 @MaisonEvent Racist Who wore nazi uniform and who called his fellows P@ and raghead Who told a httpstcocuLbjn0yfg
3686,RT @JamesB65 ASTGIVEAWAY 80RT amp follow me plus@GawsStiph Ends in 80 minutes ,RT @JamesB65 FASTGIVEAWAY 80RT amp follow me plus@GawsStiph Ends in 80 minutes 
4051,Actually this reminds me of religious Anti Semitism pre Israel ou Jew you killed our Lord To which the answer httpstcooblpF7dbgb,Actually this reminds me of religious Anti Semitism pre Israel You Jew you killed our Lord To which the answer httpstcooblpF7dbgb
4211,@SecBlinken @netanyahu Or maybe you discussed what former US officials have to say about IsraHells uremberg Crim httpstcodV27nFVrJQ,@SecBlinken @netanyahu Or maybe you discussed what former US officials have to say about IsraHells Nuremberg Crim httpstcodV27nFVrJQ
4295,RT @Drrehmani wewithlakshadweep   issue is covered by international media     Anger brewing on Indian archipelago over nti-Muslim legi,RT @Drrehmani wewithlakshadweep   issue is covered by international media     Anger brewing on Indian archipelago over anti-Muslim legi
4334,ICYMI I spoke to rising star @shazleenmkhan about making the journey into comics acclaimed webcomic uuza rep httpstcoghrS12zFaD,ICYMI I spoke to rising star @shazleenmkhan about making the journey into comics acclaimed webcomic Buuza rep httpstcoghrS12zFaD
4344,RT @Drrehmani wewithlakshadweep   issue is covered by international media     Anger brewing on Indian archipelago over nti-Muslim legi,RT @Drrehmani wewithlakshadweep   issue is covered by international media     Anger brewing on Indian archipelago over anti-Muslim legi
4688,@pcnafi @roobinam Lets ban Pisslam first,@pcnafi @roobinam Lets bam Pisslam first
4844,RT @billkinppfilm face the wind feel the sand kiss the sky astTwilightInPhuket httpstcoHnWrYlxJYq,RT @billkinppfilm face the wind feel the sand kiss the sky LastTwilightInPhuket httpstcoHnWrYlxJYq
4927,@mmetcalf @p0rkatsu @MadnessHarkle @yankeewally2 He also called him aghead another racial slurunbelievably httpstcoe8raRmhv9w,@mmetcalf @p0rkatsu @MadnessHarkle @yankeewally2 He also called him raghead another racial slurunbelievably httpstcoe8raRmhv9w
4930,@ConstanceRonal1 @MaisonEvent Racist Who wore nazi uniform and who called his fellows P@ and aghead Who told a httpstcocuLbjn0yfg,@ConstanceRonal1 @MaisonEvent Racist Who wore nazi uniform and who called his fellows P@ and raghead Who told a httpstcocuLbjn0yfg
5585,RT @HiroRamDas10 abir ji has told us that we all are children of one God We are not hindu or muslim but we are,RT @HiroRamDas10 Kabir ji has told us that we all are children of one God We are not hindu or muslim but we are
5714,RT @batsabatsabatsa my debut graphic noveliece by Piece The Story of Nisrins Hijabis available for preorder herehttpstco,RT @batsabatsabatsa my debut graphic novelPiece by Piece The Story of Nisrins Hijabis available for preorder herehttpstco
5773,ADLs rief History on Antisemitism focuses on Christians avoids ongoing jihad - httpstcohChVxZrnw2 via @Shareaholic,ADLs Brief History on Antisemitism focuses on Christians avoids ongoing jihad - httpstcohChVxZrnw2 via @Shareaholic
5802,RT @OpIndiacom Grooming Jihad Father of 7 children Abid poses as nspector Aditya blackmails marries Hindu woman and forcefully conv,RT @OpIndiacom Grooming Jihad Father of 7 children Abid poses as Inspector Aditya blackmails marries Hindu woman and forcefully conv
5849,RT @addisstandard Ethiopia A grave humanitarian crisis is unfolding in Ethiopia  never saw hell before but now I have httpstco,RT @addisstandard Ethiopia A grave humanitarian crisis is unfolding in Ethiopia I never saw hell before but now I have httpstco
5850,RT @addisstandard Ethiopia A grave humanitarian crisis is unfolding in Ethiopia  never saw hell before but now I have httpstco,RT @addisstandard Ethiopia A grave humanitarian crisis is unfolding in Ethiopia I never saw hell before but now I have httpstco
5851,RT @addisstandard Ethiopia A grave humanitarian crisis is unfolding in Ethiopia  never saw hell before but now I have httpstco,RT @addisstandard Ethiopia A grave humanitarian crisis is unfolding in Ethiopia I never saw hell before but now I have httpstco
5853,RT @addisstandard Ethiopia A grave humanitarian crisis is unfolding in Ethiopia  never saw hell before but now I have httpstco,RT @addisstandard Ethiopia A grave humanitarian crisis is unfolding in Ethiopia I never saw hell before but now I have httpstco
5854,RT @addisstandard Ethiopia A grave humanitarian crisis is unfolding in Ethiopia  never saw hell before but now I have httpstco,RT @addisstandard Ethiopia A grave humanitarian crisis is unfolding in Ethiopia I never saw hell before but now I have httpstco
5855,RT @addisstandard Ethiopia A grave humanitarian crisis is unfolding in Ethiopia  never saw hell before but now I have httpstco,RT @addisstandard Ethiopia A grave humanitarian crisis is unfolding in Ethiopia I never saw hell before but now I have httpstco
5856,RT @addisstandard Ethiopia A grave humanitarian crisis is unfolding in Ethiopia  never saw hell before but now I have httpstco,RT @addisstandard Ethiopia A grave humanitarian crisis is unfolding in Ethiopia I never saw hell before but now I have httpstco
5857,RT @addisstandard Ethiopia A grave humanitarian crisis is unfolding in Ethiopia  never saw hell before but now I have httpstco,RT @addisstandard Ethiopia A grave humanitarian crisis is unfolding in Ethiopia I never saw hell before but now I have httpstco
5859,RT @addisstandard Ethiopia A grave humanitarian crisis is unfolding in Ethiopia  never saw hell before but now I have httpstco,RT @addisstandard Ethiopia A grave humanitarian crisis is unfolding in Ethiopia I never saw hell before but now I have httpstco
5860,RT @addisstandard Ethiopia A grave humanitarian crisis is unfolding in Ethiopia  never saw hell before but now I have httpstco,RT @addisstandard Ethiopia A grave humanitarian crisis is unfolding in Ethiopia I never saw hell before but now I have httpstco
5861,RT @addisstandard Ethiopia A grave humanitarian crisis is unfolding in Ethiopia  never saw hell before but now I have httpstco,RT @addisstandard Ethiopia A grave humanitarian crisis is unfolding in Ethiopia I never saw hell before but now I have httpstco
5862,RT @addisstandard Ethiopia A grave humanitarian crisis is unfolding in Ethiopia  never saw hell before but now I have httpstco,RT @addisstandard Ethiopia A grave humanitarian crisis is unfolding in Ethiopia I never saw hell before but now I have httpstco
5863,RT @addisstandard Ethiopia A grave humanitarian crisis is unfolding in Ethiopia  never saw hell before but now I have httpstco,RT @addisstandard Ethiopia A grave humanitarian crisis is unfolding in Ethiopia I never saw hell before but now I have httpstco
5864,RT @addisstandard Ethiopia A grave humanitarian crisis is unfolding in Ethiopia  never saw hell before but now I have httpstco,RT @addisstandard Ethiopia A grave humanitarian crisis is unfolding in Ethiopia I never saw hell before but now I have httpstco
5865,RT @addisstandard Ethiopia A grave humanitarian crisis is unfolding in Ethiopia  never saw hell before but now I have httpstco,RT @addisstandard Ethiopia A grave humanitarian crisis is unfolding in Ethiopia I never saw hell before but now I have httpstco
5866,RT @addisstandard Ethiopia A grave humanitarian crisis is unfolding in Ethiopia  never saw hell before but now I have httpstco,RT @addisstandard Ethiopia A grave humanitarian crisis is unfolding in Ethiopia I never saw hell before but now I have httpstco
5867,RT @addisstandard Ethiopia A grave humanitarian crisis is unfolding in Ethiopia  never saw hell before but now I have httpstco,RT @addisstandard Ethiopia A grave humanitarian crisis is unfolding in Ethiopia I never saw hell before but now I have httpstco
5868,RT @addisstandard Ethiopia A grave humanitarian crisis is unfolding in Ethiopia  never saw hell before but now I have httpstco,RT @addisstandard Ethiopia A grave humanitarian crisis is unfolding in Ethiopia I never saw hell before but now I have httpstco
5869,RT @addisstandard Ethiopia A grave humanitarian crisis is unfolding in Ethiopia  never saw hell before but now I have httpstco,RT @addisstandard Ethiopia A grave humanitarian crisis is unfolding in Ethiopia I never saw hell before but now I have httpstco
5870,RT @addisstandard Ethiopia A grave humanitarian crisis is unfolding in Ethiopia  never saw hell before but now I have httpstco,RT @addisstandard Ethiopia A grave humanitarian crisis is unfolding in Ethiopia I never saw hell before but now I have httpstco
5871,RT @addisstandard Ethiopia A grave humanitarian crisis is unfolding in Ethiopia  never saw hell before but now I have httpstco,RT @addisstandard Ethiopia A grave humanitarian crisis is unfolding in Ethiopia I never saw hell before but now I have httpstco
5872,RT @addisstandard Ethiopia A grave humanitarian crisis is unfolding in Ethiopia  never saw hell before but now I have httpstco,RT @addisstandard Ethiopia A grave humanitarian crisis is unfolding in Ethiopia I never saw hell before but now I have httpstco
5873,RT @addisstandard Ethiopia A grave humanitarian crisis is unfolding in Ethiopia  never saw hell before but now I have httpstco,RT @addisstandard Ethiopia A grave humanitarian crisis is unfolding in Ethiopia I never saw hell before but now I have httpstco
5874,RT @addisstandard Ethiopia A grave humanitarian crisis is unfolding in Ethiopia  never saw hell before but now I have httpstco,RT @addisstandard Ethiopia A grave humanitarian crisis is unfolding in Ethiopia I never saw hell before but now I have httpstco
5875,RT @addisstandard Ethiopia A grave humanitarian crisis is unfolding in Ethiopia  never saw hell before but now I have httpstco,RT @addisstandard Ethiopia A grave humanitarian crisis is unfolding in Ethiopia I never saw hell before but now I have httpstco
5876,RT @addisstandard Ethiopia A grave humanitarian crisis is unfolding in Ethiopia  never saw hell before but now I have httpstco,RT @addisstandard Ethiopia A grave humanitarian crisis is unfolding in Ethiopia I never saw hell before but now I have httpstco
5877,RT @addisstandard Ethiopia A grave humanitarian crisis is unfolding in Ethiopia  never saw hell before but now I have httpstco,RT @addisstandard Ethiopia A grave humanitarian crisis is unfolding in Ethiopia I never saw hell before but now I have httpstco
5878,RT @addisstandard Ethiopia A grave humanitarian crisis is unfolding in Ethiopia  never saw hell before but now I have httpstco,RT @addisstandard Ethiopia A grave humanitarian crisis is unfolding in Ethiopia I never saw hell before but now I have httpstco
5879,RT @addisstandard Ethiopia A grave humanitarian crisis is unfolding in Ethiopia  never saw hell before but now I have httpstco,RT @addisstandard Ethiopia A grave humanitarian crisis is unfolding in Ethiopia I never saw hell before but now I have httpstco
5880,RT @addisstandard Ethiopia A grave humanitarian crisis is unfolding in Ethiopia  never saw hell before but now I have httpstco,RT @addisstandard Ethiopia A grave humanitarian crisis is unfolding in Ethiopia I never saw hell before but now I have httpstco
5881,RT @addisstandard Ethiopia A grave humanitarian crisis is unfolding in Ethiopia  never saw hell before but now I have httpstco,RT @addisstandard Ethiopia A grave humanitarian crisis is unfolding in Ethiopia I never saw hell before but now I have httpstco
5882,RT @addisstandard Ethiopia A grave humanitarian crisis is unfolding in Ethiopia  never saw hell before but now I have httpstco,RT @addisstandard Ethiopia A grave humanitarian crisis is unfolding in Ethiopia I never saw hell before but now I have httpstco
5883,RT @addisstandard Ethiopia A grave humanitarian crisis is unfolding in Ethiopia  never saw hell before but now I have httpstco,RT @addisstandard Ethiopia A grave humanitarian crisis is unfolding in Ethiopia I never saw hell before but now I have httpstco
5884,RT @addisstandard Ethiopia A grave humanitarian crisis is unfolding in Ethiopia  never saw hell before but now I have httpstco,RT @addisstandard Ethiopia A grave humanitarian crisis is unfolding in Ethiopia I never saw hell before but now I have httpstco
5885,RT @addisstandard Ethiopia A grave humanitarian crisis is unfolding in Ethiopia  never saw hell before but now I have httpstco,RT @addisstandard Ethiopia A grave humanitarian crisis is unfolding in Ethiopia I never saw hell before but now I have httpstco
5886,RT @addisstandard Ethiopia A grave humanitarian crisis is unfolding in Ethiopia  never saw hell before but now I have httpstco,RT @addisstandard Ethiopia A grave humanitarian crisis is unfolding in Ethiopia I never saw hell before but now I have httpstco
5887,RT @addisstandard Ethiopia A grave humanitarian crisis is unfolding in Ethiopia  never saw hell before but now I have httpstco,RT @addisstandard Ethiopia A grave humanitarian crisis is unfolding in Ethiopia I never saw hell before but now I have httpstco
5888,RT @addisstandard Ethiopia A grave humanitarian crisis is unfolding in Ethiopia  never saw hell before but now I have httpstco,RT @addisstandard Ethiopia A grave humanitarian crisis is unfolding in Ethiopia I never saw hell before but now I have httpstco
5889,RT @addisstandard Ethiopia A grave humanitarian crisis is unfolding in Ethiopia  never saw hell before but now I have httpstco,RT @addisstandard Ethiopia A grave humanitarian crisis is unfolding in Ethiopia I never saw hell before but now I have httpstco
5890,RT @addisstandard Ethiopia A grave humanitarian crisis is unfolding in Ethiopia  never saw hell before but now I have httpstco,RT @addisstandard Ethiopia A grave humanitarian crisis is unfolding in Ethiopia I never saw hell before but now I have httpstco
5891,RT @addisstandard Ethiopia A grave humanitarian crisis is unfolding in Ethiopia  never saw hell before but now I have httpstco,RT @addisstandard Ethiopia A grave humanitarian crisis is unfolding in Ethiopia I never saw hell before but now I have httpstco
5892,RT @addisstandard Ethiopia A grave humanitarian crisis is unfolding in Ethiopia  never saw hell before but now I have httpstco,RT @addisstandard Ethiopia A grave humanitarian crisis is unfolding in Ethiopia I never saw hell before but now I have httpstco
5893,RT @addisstandard Ethiopia A grave humanitarian crisis is unfolding in Ethiopia  never saw hell before but now I have httpstco,RT @addisstandard Ethiopia A grave humanitarian crisis is unfolding in Ethiopia I never saw hell before but now I have httpstco
5895,RT @addisstandard Ethiopia A grave humanitarian crisis is unfolding in Ethiopia  never saw hell before but now I have httpstco,RT @addisstandard Ethiopia A grave humanitarian crisis is unfolding in Ethiopia I never saw hell before but now I have httpstco
5896,RT @addisstandard Ethiopia A grave humanitarian crisis is unfolding in Ethiopia  never saw hell before but now I have httpstco,RT @addisstandard Ethiopia A grave humanitarian crisis is unfolding in Ethiopia I never saw hell before but now I have httpstco
5897,RT @addisstandard Ethiopia A grave humanitarian crisis is unfolding in Ethiopia  never saw hell before but now I have httpstco,RT @addisstandard Ethiopia A grave humanitarian crisis is unfolding in Ethiopia I never saw hell before but now I have httpstco
5898,RT @addisstandard Ethiopia A grave humanitarian crisis is unfolding in Ethiopia  never saw hell before but now I have httpstco,RT @addisstandard Ethiopia A grave humanitarian crisis is unfolding in Ethiopia I never saw hell before but now I have httpstco
5899,RT @addisstandard Ethiopia A grave humanitarian crisis is unfolding in Ethiopia  never saw hell before but now I have httpstco,RT @addisstandard Ethiopia A grave humanitarian crisis is unfolding in Ethiopia I never saw hell before but now I have httpstco
5900,RT @addisstandard Ethiopia A grave humanitarian crisis is unfolding in Ethiopia  never saw hell before but now I have httpstco,RT @addisstandard Ethiopia A grave humanitarian crisis is unfolding in Ethiopia I never saw hell before but now I have httpstco
5901,RT @addisstandard Ethiopia A grave humanitarian crisis is unfolding in Ethiopia  never saw hell before but now I have httpstco,RT @addisstandard Ethiopia A grave humanitarian crisis is unfolding in Ethiopia I never saw hell before but now I have httpstco
5903,RT @addisstandard Ethiopia A grave humanitarian crisis is unfolding in Ethiopia  never saw hell before but now I have httpstco,RT @addisstandard Ethiopia A grave humanitarian crisis is unfolding in Ethiopia I never saw hell before but now I have httpstco
5905,RT @addisstandard Ethiopia A grave humanitarian crisis is unfolding in Ethiopia  never saw hell before but now I have httpstco,RT @addisstandard Ethiopia A grave humanitarian crisis is unfolding in Ethiopia I never saw hell before but now I have httpstco
5906,RT @addisstandard Ethiopia A grave humanitarian crisis is unfolding in Ethiopia  never saw hell before but now I have httpstco,RT @addisstandard Ethiopia A grave humanitarian crisis is unfolding in Ethiopia I never saw hell before but now I have httpstco
5907,RT @addisstandard Ethiopia A grave humanitarian crisis is unfolding in Ethiopia  never saw hell before but now I have httpstco,RT @addisstandard Ethiopia A grave humanitarian crisis is unfolding in Ethiopia I never saw hell before but now I have httpstco
5908,RT @addisstandard Ethiopia A grave humanitarian crisis is unfolding in Ethiopia  never saw hell before but now I have httpstco,RT @addisstandard Ethiopia A grave humanitarian crisis is unfolding in Ethiopia I never saw hell before but now I have httpstco
5909,RT @addisstandard Ethiopia A grave humanitarian crisis is unfolding in Ethiopia  never saw hell before but now I have httpstco,RT @addisstandard Ethiopia A grave humanitarian crisis is unfolding in Ethiopia I never saw hell before but now I have httpstco
5910,RT @addisstandard Ethiopia A grave humanitarian crisis is unfolding in Ethiopia  never saw hell before but now I have httpstco,RT @addisstandard Ethiopia A grave humanitarian crisis is unfolding in Ethiopia I never saw hell before but now I have httpstco
5911,RT @addisstandard Ethiopia A grave humanitarian crisis is unfolding in Ethiopia  never saw hell before but now I have httpstco,RT @addisstandard Ethiopia A grave humanitarian crisis is unfolding in Ethiopia I never saw hell before but now I have httpstco
5912,RT @addisstandard Ethiopia A grave humanitarian crisis is unfolding in Ethiopia  never saw hell before but now I have httpstco,RT @addisstandard Ethiopia A grave humanitarian crisis is unfolding in Ethiopia I never saw hell before but now I have httpstco
5913,RT @addisstandard Ethiopia A grave humanitarian crisis is unfolding in Ethiopia  never saw hell before but now I have httpstco,RT @addisstandard Ethiopia A grave humanitarian crisis is unfolding in Ethiopia I never saw hell before but now I have httpstco
5914,RT @addisstandard Ethiopia A grave humanitarian crisis is unfolding in Ethiopia  never saw hell before but now I have httpstco,RT @addisstandard Ethiopia A grave humanitarian crisis is unfolding in Ethiopia I never saw hell before but now I have httpstco
5915,Ethiopia A grave humanitarian crisis is unfolding in Ethiopia  never saw hell before but now I have httpstcoyDFE2hWaDB,Ethiopia A grave humanitarian crisis is unfolding in Ethiopia I never saw hell before but now I have httpstcoyDFE2hWaDB
5945,@NeoIndian5 @SanggitaT I like isslam,@NeoIndian5 @SanggitaT I like Pisslam
5959,@khanumarfa So what exactly is the problem in saying isslam is a religion of terrorism Whats the argument ,@khanumarfa So what exactly is the problem in saying pisslam is a religion of terrorism Whats the argument 
5968,So what exactly is the problem in saying eligion of Terror of Pisslam  Whats the argument  httpstcoTjgF2i1wwi,So what exactly is the problem in saying Religion of Terror of Pisslam  Whats the argument  httpstcoTjgF2i1wwi
6117,RT @chloegirI rawdah mohamed a somali-norwegian model who started ands off my hijabi as been announced as the editor of vogue scandina,RT @chloegirI rawdah mohamed a somali-norwegian model who started hands off my hijabi as been announced as the editor of vogue scandina
6182,RT @AmazingPosts When a shoebill comes to greet you it sounds like a gunfight just broke out n  httpstcohQrmkpsGD9,RT @AmazingPosts When a shoebill comes to greet you it sounds like a gunfight just broke out on  httpstcohQrmkpsGD9
6185,RT @legalizeranch HEY ALL U LEGAL CITIZENS Today is Memorial Day You know what that means Its time to HIP over,RT @legalizeranch HEY ALL U LEGAL CITIZENS Today is Memorial Day You know what that means Its time to SHIP over
6385,RT @maxxeene Cant wear trousersjewelry  because unohellfire will be your home but yeah lets hear what a killer has to say about Ur,RT @maxxeene Cant wear trousersjewelry  because unohellfire will be your home but yeah lets hear what a killer has to say about oUr
6762,@sarahayad @DanielGembom @SarahbPi @AJArabic But you only have the 16 Billion so called uslims to blameI gues httpstcoEdagRL7jym,@sarahayad @DanielGembom @SarahbPi @AJArabic But you only have the 16 Billion so called Muslims to blameI gues httpstcoEdagRL7jym
6767,@sarahayad @DanielGembom @SarahbPi @AJArabic And this is what former US officials have to say about IsraHells ur httpstcoTrS0r3bhkI,@sarahayad @DanielGembom @SarahbPi @AJArabic And this is what former US officials have to say about IsraHells Nur httpstcoTrS0r3bhkI
6838,I pick the Best Muslim Woman if going to marry outside of my Culture she better be worth it lol n my family yep,I pick the Best Muslim Woman if going to marry outside of my Culture she better be worth it lol in my family yep
6884,RT @alexboutilier n act of terror RCMP national security team assisting London police in Muslim familys killing httpstcoAoowGUvI,RT @alexboutilier An act of terror RCMP national security team assisting London police in Muslim familys killing httpstcoAoowGUvI
6998,RT @Donmel21  Back The Blue lack Lives Matter Carries Casket of Pig Dressed as a Cop in Kansas City - Rests It at Police Head,RT @Donmel21  Back The Blue Black Lives Matter Carries Casket of Pig Dressed as a Cop in Kansas City - Rests It at Police Head
7001,RT @ForgottenEuca September Ranboos mouse hovers over the o live button  He laughs to himself and closes OBSFebruary Tubbo star,RT @ForgottenEuca September Ranboos mouse hovers over the go live button  He laughs to himself and closes OBSFebruary Tubbo star
7417,@nicole32411324 @TrolleyParton @Agrippi60415994 @MeAfter4 He also called another soldier aghead - hes truly vile ,@nicole32411324 @TrolleyParton @Agrippi60415994 @MeAfter4 He also called another soldier raghead - hes truly vile 
7442,RT @aaannneee More than familyThey support me fe ay 7aja they love me for no reasonm glad I have you in my life cant im,RT @aaannneee More than familyThey support me fe ay 7ajaO they love me for no reasonIm glad I have you in my lifeO cant im
7656,@HebroSteele @MegynKellyShow @megynkelly It made me immediately watch the movie hat killed Michael Brown on Vim httpstcoNJsSRyHvLS,@HebroSteele @MegynKellyShow @megynkelly It made me immediately watch the movie what killed Michael Brown on Vim httpstcoNJsSRyHvLS
7877,RT @GazpachoWalker Mates and I done messed around and got the chickenrib sandwich game in a chokeholdThank you guys for the support,RT @GazpachoWalker Mates and I done messed around and got the chickenrib sandwich game in a chokeholdThank you guys for the supportS
7995,@sarahayad @DanielGembom @SarahbPi @AJArabic But you only have the 16 Billion so called uslims to blameI gues httpstcoEdagRL7jym,@sarahayad @DanielGembom @SarahbPi @AJArabic But you only have the 16 Billion so called Muslims to blameI gues httpstcoEdagRL7jym
8089,RT @BeenaPP1 Y salariesor Imams amp not fr temple priestsY temples shd donate fr mosque Is it becos their funds r used for brk India,RT @BeenaPP1 Y salariesfor Imams amp not fr temple priestsY temples shd donate fr mosque Is it becos their funds r used for brk India
8098,@PDIPerjuangan A message to Ummah  Prophet Muhammad SAW said f my Islam stays in the same state then I fear it httpstcoIM0pTsJtFT,@PDIPerjuangan A message to Ummah  Prophet Muhammad SAW said If my Islam stays in the same state then I fear it httpstcoIM0pTsJtFT
8234,RT @OpIndiacom Kerala Clubhouse discussion on ove Jihad by Christian groups angers MuslimshttpstcoJjxEaErwO9,RT @OpIndiacom Kerala Clubhouse discussion on Love Jihad by Christian groups angers MuslimshttpstcoJjxEaErwO9
8241,RT @OpIndiacom Kerala Clubhouse discussion on ove Jihad by Christian groups angers MuslimshttpstcoJjxEaErwO9,RT @OpIndiacom Kerala Clubhouse discussion on Love Jihad by Christian groups angers MuslimshttpstcoJjxEaErwO9
8252,RT @OpIndiacom Kerala Clubhouse discussion on ove Jihad by Christian groups angers MuslimshttpstcoJjxEaErwO9,RT @OpIndiacom Kerala Clubhouse discussion on Love Jihad by Christian groups angers MuslimshttpstcoJjxEaErwO9
8264,RT @OpIndiacom Kerala Clubhouse discussion on ove Jihad by Christian groups angers MuslimshttpstcoJjxEaErwO9,RT @OpIndiacom Kerala Clubhouse discussion on Love Jihad by Christian groups angers MuslimshttpstcoJjxEaErwO9
8374,RT @JuniaPaulos  never saw hell before but now I haveussie Tesfay Atsbaha hospital administrator All types of atrocities committed,RT @JuniaPaulos I never saw hell before but now I haveMussie Tesfay Atsbaha hospital administrator All types of atrocities committed
8375, never saw hell before but now I haveussie Tesfay Atsbaha hospital administrator All types of atrocities co httpstcoNXpPfo9Rqb,I never saw hell before but now I haveMussie Tesfay Atsbaha hospital administrator All types of atrocities co httpstcoNXpPfo9Rqb
8899,@HebroSteele @MegynKellyShow @megynkelly It made me immediately watch the movie hat killed Michael Brown on Vim httpstcoNJsSRyHvLS,@HebroSteele @MegynKellyShow @megynkelly It made me immediately watch the movie what killed Michael Brown on Vim httpstcoNJsSRyHvLS
9111,RT @GazpachoWalker Mates and I done messed around and got the chickenrib sandwich game in a chokeholdThank you guys for the support,RT @GazpachoWalker Mates and I done messed around and got the chickenrib sandwich game in a chokeholdThank you guys for the supportS
9143,RT @jaketapper Winona Ryder Mel Gibson said to my friend whos gay h wait am I gonna get AIDS And then something came up about Je,RT @jaketapper Winona Ryder Mel Gibson said to my friend whos gay Oh wait am I gonna get AIDS And then something came up about Je
9188,Blinken Backs nternational Rules-Based Order But is G7 Just Turning Into the Anti-China Alliance Blinken is a httpstcoNeCkGnzioc,Blinken Backs International Rules-Based Order But is G7 Just Turning Into the Anti-China Alliance Blinken is a httpstcoNeCkGnzioc
9253,RT @jihadwatchRS Virginia Muslim school board member from jihad-linked mosque tells high school students to remember their ihad https,RT @jihadwatchRS Virginia Muslim school board member from jihad-linked mosque tells high school students to remember their jihad https
9260,rew up with Muslims Christians Buddhists Hindus Bit of a novelty to get this from a Muslim instead of a C httpstcoRmTDcZVEbv,Grew up with Muslims Christians Buddhists Hindus Bit of a novelty to get this from a Muslim instead of a C httpstcoRmTDcZVEbv
9304,RT @WHCOS Another week at the White House- POTUS renews special  relationship- US donates 500m  to - Progress on egislation,RT @WHCOS Another week at the White House- POTUS renews special  relationship- US donates 500m  to - Progress on legislation
9339,ay IslamistDemocracy is haram in Islam httpstcoT0NowZuftJ,day IslamistDemocracy is haram in Islam httpstcoT0NowZuftJ
9341,RT @animolenikun Using anointing oil Christianity to secure a job is what Using y Traditionalist to secure a job is whatUs,RT @animolenikun Using anointing oil Christianity to secure a job is what Using yn Traditionalist to secure a job is whatUs
9345,RT @animolenikun Using anointing oil Christianity to secure a job is what Using y Traditionalist to secure a job is whatUs,RT @animolenikun Using anointing oil Christianity to secure a job is what Using yn Traditionalist to secure a job is whatUs
9352,RT @animolenikun Using anointing oil Christianity to secure a job is what Using y Traditionalist to secure a job is whatUs,RT @animolenikun Using anointing oil Christianity to secure a job is what Using yn Traditionalist to secure a job is whatUs
9363,RT @animolenikun Using anointing oil Christianity to secure a job is what Using y Traditionalist to secure a job is whatUs,RT @animolenikun Using anointing oil Christianity to secure a job is what Using yn Traditionalist to secure a job is whatUs
9374,RT @animolenikun Using anointing oil Christianity to secure a job is what Using y Traditionalist to secure a job is whatUs,RT @animolenikun Using anointing oil Christianity to secure a job is what Using yn Traditionalist to secure a job is whatUs
9556,RT @PanickarS From the Most Wanted List of @NIAIndia Nimisha Fatima is not bducted but is bsconding Her organisation is ihadi,RT @PanickarS From the Most Wanted List of @NIAIndia Nimisha Fatima is not abducted but is absconding Her organisation is Jihadi
9563,RT @PanickarS From the Most Wanted List of @NIAIndia Nimisha Fatima is not bducted but is bsconding Her organisation is ihadi,RT @PanickarS From the Most Wanted List of @NIAIndia Nimisha Fatima is not abducted but is absconding Her organisation is Jihadi
9566,RT @PanickarS From the Most Wanted List of @NIAIndia Nimisha Fatima is not bducted but is bsconding Her organisation is ihadi,RT @PanickarS From the Most Wanted List of @NIAIndia Nimisha Fatima is not abducted but is absconding Her organisation is Jihadi
9568,RT @PanickarS From the Most Wanted List of @NIAIndia Nimisha Fatima is not bducted but is bsconding Her organisation is ihadi,RT @PanickarS From the Most Wanted List of @NIAIndia Nimisha Fatima is not abducted but is absconding Her organisation is Jihadi
9576,RT @PanickarS From the Most Wanted List of @NIAIndia Nimisha Fatima is not bducted but is bsconding Her organisation is ihadi,RT @PanickarS From the Most Wanted List of @NIAIndia Nimisha Fatima is not abducted but is absconding Her organisation is Jihadi
9588,RT @PanickarS From the Most Wanted List of @NIAIndia Nimisha Fatima is not bducted but is bsconding Her organisation is ihadi,RT @PanickarS From the Most Wanted List of @NIAIndia Nimisha Fatima is not abducted but is absconding Her organisation is Jihadi
9598,From the Most Wanted List of @NIAIndia Nimisha Fatima is not bducted but is bsconding Her organisation is httpstcoaJUG14e7bv,From the Most Wanted List of @NIAIndia Nimisha Fatima is not abducted but is absconding Her organisation is httpstcoaJUG14e7bv
9613,RT @PanickarS From the Most Wanted List of @NIAIndia Nimisha Fatima is not bducted but is bsconding Her organisation is ihadi,RT @PanickarS From the Most Wanted List of @NIAIndia Nimisha Fatima is not abducted but is absconding Her organisation is Jihadi
9620,RT @PanickarS From the Most Wanted List of @NIAIndia Nimisha Fatima is not bducted but is bsconding Her organisation is ihadi,RT @PanickarS From the Most Wanted List of @NIAIndia Nimisha Fatima is not abducted but is absconding Her organisation is Jihadi
9651,@mussiemtm @ProfKindeya Takes a person with a rash mentality to know one I guess,@mussiemtm @ProfKindeya Takes a person with a trash mentality to know one I guess
9771,RT @BasedBashir Commander Data you really must stop calling Lieutenant La Forge a irty nog Hes a valued member of the crewShut,RT @BasedBashir Commander Data you really must stop calling Lieutenant La Forge a dirty nog Hes a valued member of the crewShut
10211,@HebroSteele @MegynKellyShow @megynkelly It made me immediately watch the movie hat killed Michael Brown on Vim httpstcoNJsSRyHvLS,@HebroSteele @MegynKellyShow @megynkelly It made me immediately watch the movie what killed Michael Brown on Vim httpstcoNJsSRyHvLS
10368,who gives a flying fuck about this talentless jewbags httpstcoF0VGpLpNJJ,who gives a flying fuck about this talentless jewbag httpstcoF0VGpLpNJJ
10401,RT @GazpachoWalker Mates and I done messed around and got the chickenrib sandwich game in a chokeholdThank you guys for the support,RT @GazpachoWalker Mates and I done messed around and got the chickenrib sandwich game in a chokeholdThank you guys for the supportS
10514,Blinken Backs nternational Rules-Based Order But is G7 Just Turning Into the Anti-China Alliance Blinken is a httpstcoNeCkGnzioc,Blinken Backs International Rules-Based Order But is G7 Just Turning Into the Anti-China Alliance Blinken is a httpstcoNeCkGnzioc
10609,RT @ShekharGupta Old Muslim man beaten orced to chant Jai Siya Ram beard cut Now cops add a aweez angleBismee Taskin @MainaBism,RT @ShekharGupta Old Muslim man beaten forced to chant Jai Siya Ram beard cut Now cops add a taweez angleBismee Taskin @MainaBism
10702,Chinas soybean imports xceptionally large as pig population booms httpstcoMcBZ4Oan7N via @scmpnews,Chinas soybean imports exceptionally large as pig population booms httpstcoMcBZ4Oan7N via @scmpnews
10764,RT @abhijitmajumder Hosting a new audio series racking TerrorIn episode 1 @samwestrop speaks to me on Pakistans shadowy Houston,RT @abhijitmajumder Hosting a new audio series Tracking TerrorIn episode 1 @samwestrop speaks to me on Pakistans shadowy Houston
10768,RT @abhijitmajumder Hosting a new audio series racking TerrorIn episode 1 @samwestrop speaks to me on Pakistans shadowy Houston,RT @abhijitmajumder Hosting a new audio series Tracking TerrorIn episode 1 @samwestrop speaks to me on Pakistans shadowy Houston
10769,RT @abhijitmajumder Hosting a new audio series racking TerrorIn episode 1 @samwestrop speaks to me on Pakistans shadowy Houston,RT @abhijitmajumder Hosting a new audio series Tracking TerrorIn episode 1 @samwestrop speaks to me on Pakistans shadowy Houston
10772,RT @abhijitmajumder Hosting a new audio series racking TerrorIn episode 1 @samwestrop speaks to me on Pakistans shadowy Houston,RT @abhijitmajumder Hosting a new audio series Tracking TerrorIn episode 1 @samwestrop speaks to me on Pakistans shadowy Houston
10780,RT @faizan0008 Arrested For ove Jihad UP Teen Has Been In Jail For A MonthArrested for Walking With Hindu Girl Booked Under Love Jh,RT @faizan0008 Arrested For Love Jihad UP Teen Has Been In Jail For A MonthArrested for Walking With Hindu Girl Booked Under Love Jh
10782,RT @faizan0008 Arrested For ove Jihad UP Teen Has Been In Jail For A MonthArrested for Walking With Hindu Girl Booked Under Love Jh,RT @faizan0008 Arrested For Love Jihad UP Teen Has Been In Jail For A MonthArrested for Walking With Hindu Girl Booked Under Love Jh
10785,Arrested For ove Jihad UP Teen Has Been In Jail For A MonthArrested for Walking With Hindu Girl Booked Under httpstcoE0CdCFrCA0,Arrested For Love Jihad UP Teen Has Been In Jail For A MonthArrested for Walking With Hindu Girl Booked Under httpstcoE0CdCFrCA0
10792,Arrested For ove Jihad UP Teen Has Been In Jail For A MonthMuslim boy walking his daughter home was beaten by httpstcoVrc941YlYP,Arrested For Love Jihad UP Teen Has Been In Jail For A MonthMuslim boy walking his daughter home was beaten by httpstcoVrc941YlYP
10813,RT @arunpudur Yesterday Tottichor amp 2Bhk spread fake news about am MandirToday Pedo fact checker amp Jihadi gang spread fake news using,RT @arunpudur Yesterday Tottichor amp 2Bhk spread fake news about Ram MandirToday Pedo fact checker amp Jihadi gang spread fake news using
11032,RT @BasedBashir Commander Data you really must stop calling Lieutenant La Forge a irty nog Hes a valued member of the crewShut,RT @BasedBashir Commander Data you really must stop calling Lieutenant La Forge a dirty nog Hes a valued member of the crewShut
11397,Why am I still getting invites for y HeBro parties,Why am I still getting invites for My HeBro parties
11654, a good jew is a dead jewThe only difference is one is incitement and the other is pr httpstcoBfndGCmPcE,A good arab is a dead arab  a good jew is a dead jewThe only difference is one is incitement and the other is pr httpstcoBfndGCmPcE
11683,@StanleyCohenLaw The zionazis already think Iranians chanting eath to Israel the country not even the people httpstcozfvtmuZHX1,@StanleyCohenLaw The zionazis already think Iranians chanting death to Israel the country not even the people httpstcozfvtmuZHX1
11714,RT @UnSubtleDesi eing targeted because I am Muslim SP leader Umed Idris plays victim card after giving Ghaziabad incident a communal s,RT @UnSubtleDesi Being targeted because I am Muslim SP leader Umed Idris plays victim card after giving Ghaziabad incident a communal s
11740,RT @OpIndiacom eing targeted because I am Muslim SP leader Umed Idris plays victim card after giving Ghaziabad incident a communal sp,RT @OpIndiacom Being targeted because I am Muslim SP leader Umed Idris plays victim card after giving Ghaziabad incident a communal sp
11750,RT @OpIndiacom eing targeted because I am Muslim SP leader Umed Idris plays victim card after giving Ghaziabad incident a communal sp,RT @OpIndiacom Being targeted because I am Muslim SP leader Umed Idris plays victim card after giving Ghaziabad incident a communal sp
11767,@LiberalElite10 @StevePeers @robfordmancs yes but that is when he was ess crank than now and we know what he is httpstcoeLM5GkeOmO,@LiberalElite10 @StevePeers @robfordmancs yes but that is when he was less crank than now and we know what he is httpstcoeLM5GkeOmO
11773,RT @UnSubtleDesi eing targeted because I am Muslim SP leader Umed Idris plays victim card after giving Ghaziabad incident a communal s,RT @UnSubtleDesi Being targeted because I am Muslim SP leader Umed Idris plays victim card after giving Ghaziabad incident a communal s
11791,RT @SurajPrSingh Ambedkar criticised Islam few times but he insulted Hinduism our scripture and our Bhagav especially Ram amp Krishna 1,RT @SurajPrSingh Ambedkar criticised Islam few times but he insulted Hinduism our scripture and our Bhagavn especially Ram amp Krishna 1
11794,RT @balocsanam This Man intent to sexually abuse the little girl and she finally informed her mother and result is belowhey could do,RT @balocsanam This Man intent to sexually abuse the little girl and she finally informed her mother and result is belowThey could do
11810,RT @balocsanam This Man intent to sexually abuse the little girl and she finally informed her mother and result is belowhey could do,RT @balocsanam This Man intent to sexually abuse the little girl and she finally informed her mother and result is belowThey could do
11813,RT @balocsanam This Man intent to sexually abuse the little girl and she finally informed her mother and result is belowhey could do,RT @balocsanam This Man intent to sexually abuse the little girl and she finally informed her mother and result is belowThey could do
11835,RT @DiscussingFilm Nicolas Cage stars as a truffle hunter who searches for his pig after she is kidnapped in the first trailer for IG,RT @DiscussingFilm Nicolas Cage stars as a truffle hunter who searches for his pig after she is kidnapped in the first trailer for PIG
12221,RT @BasedBashir Commander Data you really must stop calling Lieutenant La Forge a irty nog Hes a valued member of the crewShut,RT @BasedBashir Commander Data you really must stop calling Lieutenant La Forge a dirty nog Hes a valued member of the crewShut
12337,RT @realDailyWire Osama Bin Ladens Niece Trolls Biden With rump Won Sign At Geneva Summit httpstcoZQ6yzuYNYh httpstco5dFpIm0,RT @realDailyWire Osama Bin Ladens Niece Trolls Biden With Trump Won Sign At Geneva Summit httpstcoZQ6yzuYNYh httpstco5dFpIm0
12556,Why am I still getting invites for y HeBro parties,Why am I still getting invites for My HeBro parties
13074,@jihadwatchRS This is the same Confused Lot who will wear Hijab to support ombat islamophobia amp and Kiss to the httpstcojQAqDhsFAX,@jihadwatchRS This is the same Confused Lot who will wear Hijab to support combat islamophobia amp and Kiss to the httpstcojQAqDhsFAX
13141,RT @MossadNews Al QAEDAAQMI new emir Abou Oubaa Youssef al-Anabi in his first speech released today celebrates the Palestine jihad ag,RT @MossadNews Al QAEDAAQMI new emir Abou Oubada Youssef al-Anabi in his first speech released today celebrates the Palestine jihad ag
13164,RT @MossadNews Al QAEDAAQMI new emir Abou Oubaa Youssef al-Anabi in his first speech released today celebrates the Palestine jihad ag,RT @MossadNews Al QAEDAAQMI new emir Abou Oubada Youssef al-Anabi in his first speech released today celebrates the Palestine jihad ag
13258,RT @Ravalanath The anti-Hindu face of acebookToday viciousampobjectionable Facebook Pages of Jihadi organisations are operating openl,RT @Ravalanath The anti-Hindu face of FacebookToday viciousampobjectionable Facebook Pages of Jihadi organisations are operating openl
13275,@realConnieBevan A ussie is a nosegay which is a Middle English word for a small group of flowers held together httpstcoHbw8ag5GCI,@realConnieBevan A tussie is a nosegay which is a Middle English word for a small group of flowers held together httpstcoHbw8ag5GCI
13285,RT @4TheCulture Queen  ttpstco5hANNyxZo4,RT @4TheCulture Queen  httpstco5hANNyxZo4
13495,RT @BasedBashir Commander Data you really must stop calling Lieutenant La Forge a irty nog Hes a valued member of the crewShut,RT @BasedBashir Commander Data you really must stop calling Lieutenant La Forge a dirty nog Hes a valued member of the crewShut
13628,RT @Adeless93802046 e trust u king of Africa  httpstcojiR0PDexjW,RT @Adeless93802046 We trust u king of Africa  httpstcojiR0PDexjW
13857,Why am I still getting invites for y HeBro parties,Why am I still getting invites for My HeBro parties
14172,RT @BleedGreenKP Haya and m are two that go together If one is lifted the other is also lifted Al-Hakim,RT @BleedGreenKP Haya and mn are two that go together If one is lifted the other is also lifted Al-Hakim
14209,RT @OpIndiacom More controversial TISS papers surface ndia controlled Kashmir ilitary Occupation romance with a research subject,RT @OpIndiacom More controversial TISS papers surface India controlled Kashmir Military Occupation romance with a research subject
14313,RT @n0ra andijwas used to denote a partition a curtain or was used generally for theIslamic rules of mode,RT @n0ra andijbwas used to denote a partition a curtain or was used generally for theIslamic rules of mode
14321,RT @n0ra andijwas used to denote a partition a curtain or was used generally for theIslamic rules of mode,RT @n0ra andijbwas used to denote a partition a curtain or was used generally for theIslamic rules of mode
14368,RT @n0ra andijwas used to denote a partition a curtain or was used generally for theIslamic rules of mode,RT @n0ra andijbwas used to denote a partition a curtain or was used generally for theIslamic rules of mode
14380,RT @jihadwatchRS Wikipedia dismisses Love Jihad in India as slamophobia but claims everse Love Jihad against Muslims is real https,RT @jihadwatchRS Wikipedia dismisses Love Jihad in India as Islamophobia but claims Reverse Love Jihad against Muslims is real https
14385,RT @MogerSavita Every day we see  many videos of injustice done to Hindus due to jihad like ove Jihad and Jihad Hindu Rashtra is,RT @MogerSavita Every day we see  many videos of injustice done to Hindus due to jihad like Love Jihad Land Jihad Hindu Rashtra is
14389,RT @BharathiMgr Hindu organisations can organise programmes for creating awareness about establishing the indu Rashtra as also combati,RT @BharathiMgr Hindu organisations can organise programmes for creating awareness about establishing the Hindu Rashtra as also combati
14390,RT @MogerSavita Every day we see  many videos of injustice done to Hindus due to jihad like ove Jihad and Jihad Hindu Rashtra is,RT @MogerSavita Every day we see  many videos of injustice done to Hindus due to jihad like Love Jihad Land Jihad Hindu Rashtra is
14394,RT @MogerSavita Every day we see  many videos of injustice done to Hindus due to jihad like ove Jihad and Jihad Hindu Rashtra is,RT @MogerSavita Every day we see  many videos of injustice done to Hindus due to jihad like Love Jihad Land Jihad Hindu Rashtra is
14395,RT @jihadwatchRS Wikipedia dismisses Love Jihad in India as slamophobia but claims everse Love Jihad against Muslims is real https,RT @jihadwatchRS Wikipedia dismisses Love Jihad in India as Islamophobia but claims Reverse Love Jihad against Muslims is real https
14396,RT @MogerSavita Every day we see  many videos of injustice done to Hindus due to jihad like ove Jihad and Jihad Hindu Rashtra is,RT @MogerSavita Every day we see  many videos of injustice done to Hindus due to jihad like Love Jihad Land Jihad Hindu Rashtra is
14397,RT @BharathiMgr Hindu organisations can organise programmes for creating awareness about establishing the indu Rashtra as also combati,RT @BharathiMgr Hindu organisations can organise programmes for creating awareness about establishing the Hindu Rashtra as also combati
14406,RT @tfipost A Turkish documentary claims that hagwa Love Jihad is real and desi leftists are elatedTurkish state-owned media house T,RT @tfipost A Turkish documentary claims that Bhagwa Love Jihad is real and desi leftists are elatedTurkish state-owned media house T
14417,RT @jihadwatchRS Wikipedia dismisses Love Jihad in India as slamophobia but claims everse Love Jihad against Muslims is real https,RT @jihadwatchRS Wikipedia dismisses Love Jihad in India as Islamophobia but claims Reverse Love Jihad against Muslims is real https
14427,RT @BharathiMgr Hindu organisations can organise programmes for creating awareness about establishing the indu Rashtra as also combati,RT @BharathiMgr Hindu organisations can organise programmes for creating awareness about establishing the Hindu Rashtra as also combati
14432,RT @MogerSavita Every day we see  many videos of injustice done to Hindus due to jihad like ove Jihad and Jihad Hindu Rashtra is,RT @MogerSavita Every day we see  many videos of injustice done to Hindus due to jihad like Love Jihad Land Jihad Hindu Rashtra is
14482,RT @Ravalanath The anti-Hindu face of acebookToday viciousampobjectionable Facebook Pages of Jihadi organisations are operating openl,RT @Ravalanath The anti-Hindu face of FacebookToday viciousampobjectionable Facebook Pages of Jihadi organisations are operating openl
14572,@realConnieBevan A ussie is a nosegay which is a Middle English word for a small group of flowers held together httpstcoHbw8ag5GCI,@realConnieBevan A tussie is a nosegay which is a Middle English word for a small group of flowers held together httpstcoHbw8ag5GCI
14658,RT @BasedBashir Commander Data you really must stop calling Lieutenant La Forge a irty nog Hes a valued member of the crewShut,RT @BasedBashir Commander Data you really must stop calling Lieutenant La Forge a dirty nog Hes a valued member of the crewShut
15066,Why am I still getting invites for y HeBro parties,Why am I still getting invites for My HeBro parties
15589,RT @Ravalanath Hindu organisations can organise programmes for creating awareness about establishing the indu Rashtra as also combatin,RT @Ravalanath Hindu organisations can organise programmes for creating awareness about establishing the Hindu Rashtra as also combatin
15641,RT @KreatelyMedia The Times Of India twists Jihadi Honour Killing of Dalit Hindu boy amp Muslim girlfriend by girls family as nter-Caste,RT @KreatelyMedia The Times Of India twists Jihadi Honour Killing of Dalit Hindu boy amp Muslim girlfriend by girls family as Inter-Caste
15658,RT @KreatelyMedia The Times Of India twists Jihadi Honour Killing of Dalit Hindu boy amp Muslim girlfriend by girls family as nter-Caste,RT @KreatelyMedia The Times Of India twists Jihadi Honour Killing of Dalit Hindu boy amp Muslim girlfriend by girls family as Inter-Caste
15851,RT @BasedBashir Commander Data you really must stop calling Lieutenant La Forge a irty nog Hes a valued member of the crewShut,RT @BasedBashir Commander Data you really must stop calling Lieutenant La Forge a dirty nog Hes a valued member of the crewShut
15999,RT @SGEspace The SGE NFT Platform is live STARSEAS BY SGE ttpstcoWi0uSMoZUnBuy bid and sell Space related NFTs created,RT @SGEspace The SGE NFT Platform is live STARSEAS BY SGE httpstcoWi0uSMoZUnBuy bid and sell Space related NFTs created
16042,RT @bishopbeve Take notes  all rapperIcewearVezzo httpstcoBQ0ksUIitP,RT @bishopbeve Take notes  all rapper@IcewearVezzo httpstcoBQ0ksUIitP
16063,RT @nuffsaidny Master P sold crack rapped and sold a 100 million records played in the NBA and now he applying to be the Pelicans hea,RT @nuffsaidny Master P sold crack rapped and sold a 100 million records played in the NBA and now hes applying to be the Pelicans hea
16123,Oh for Christs sake not again alloween Kills Full Trailer Michael Myers Is Back for Another Serial Killer httpstcoXnImEDv8kV,Oh for Christs sake not again Halloween Kills Full Trailer Michael Myers Is Back for Another Serial Killer httpstcoXnImEDv8kV
16321,Best Freudian slip Wanted to say reen party member Atwin defected to the liberal party It came out as Atwi httpstcorCMhgeo6zr,Best Freudian slip Wanted to say green party member Atwin defected to the liberal party It came out as Atwi httpstcorCMhgeo6zr
16604,Yaa ALLAH rant us happiness and calmness of the heart,Yaa ALLAH grant us happiness and calmness of the heart
16621,RT @shreyas Some Operators want to own strategy so that they can grow amp improve in this area This is an incredibly nae view for a sen,RT @shreyas Some Operators want to own strategy so that they can grow amp improve in this area This is an incredibly nave view for a sen
16673,CharlieSykes Slams Carlson ampered Man-Child Trust Fund Baby@FoxNews airs on US military bases WHYS httpstcoFg7N1cAvPX,CharlieSykes Slams Carlson Pampered Man-Child Trust Fund Baby@FoxNews airs on US military bases WHYS httpstcoFg7N1cAvPX
16746,RT @jihadwatchRS Germany Muslim migrant who murdered three tells cops he carried out his ihad cops search for motive httpstcoJ0w,RT @jihadwatchRS Germany Muslim migrant who murdered three tells cops he carried out his jihad cops search for motive httpstcoJ0w
16766,RT @jihadwatchRS Germany Muslim migrant who murdered three tells cops he carried out his ihad cops search for motive httpstcoJ0w,RT @jihadwatchRS Germany Muslim migrant who murdered three tells cops he carried out his jihad cops search for motive httpstcoJ0w
16946,@AbiyAhmedAli Hi Dr Abiy Ahmed Ali we love you Ethiopian ero ampMussie be safe God with you httpstcoIXMC0XGrCx,@AbiyAhmedAli Hi Dr Abiy Ahmed Ali we love you Ethiopian hero ampMussie be safe God with you httpstcoIXMC0XGrCx
17064,RT @BasedBashir Commander Data you really must stop calling Lieutenant La Forge a irty nog Hes a valued member of the crewShut,RT @BasedBashir Commander Data you really must stop calling Lieutenant La Forge a dirty nog Hes a valued member of the crewShut
17178,RT @SomalilandDef While in Aden Haji Farah Omar started the first Somali political organisation named the omali Islamic Association T,RT @SomalilandDef While in Aden Haji Farah Omar started the first Somali political organisation named the Somali Islamic Association T
17332,Oh for Christs sake not again alloween Kills Full Trailer Michael Myers Is Back for Another Serial Killer httpstcoXnImEDv8kV,Oh for Christs sake not again Halloween Kills Full Trailer Michael Myers Is Back for Another Serial Killer httpstcoXnImEDv8kV
17485,RT @Mendelpol @GeorgeGalloway fires by-election aide over olohoax post httpstcoEiHAglyQos BatleyAndSpenByelection,RT @Mendelpol @GeorgeGalloway fires by-election aide over Holohoax post httpstcoEiHAglyQos BatleyAndSpenByelection
17491,RT @Mendelpol @GeorgeGalloway fires by-election aide over olohoax post httpstcoEiHAglyQos BatleyAndSpenByelection,RT @Mendelpol @GeorgeGalloway fires by-election aide over Holohoax post httpstcoEiHAglyQos BatleyAndSpenByelection
17493,RT @Mendelpol @GeorgeGalloway fires by-election aide over olohoax post httpstcoEiHAglyQos BatleyAndSpenByelection,RT @Mendelpol @GeorgeGalloway fires by-election aide over Holohoax post httpstcoEiHAglyQos BatleyAndSpenByelection
17494,Galloway fires by-election aide over olohoax post httpstcojjiuUP1Ats via @JewishNewsUK,Galloway fires by-election aide over Holohoax post httpstcojjiuUP1Ats via @JewishNewsUK
17495,@GeorgeGalloway fires by-election aide over olohoax post httpstcoEiHAglyQos BatleyAndSpenByelection,@GeorgeGalloway fires by-election aide over Holohoax post httpstcoEiHAglyQos BatleyAndSpenByelection
17593,Best Freudian slip Wanted to say reen party member Atwin defected to the liberal party It came out as Atwi httpstcorCMhgeo6zr,Best Freudian slip Wanted to say green party member Atwin defected to the liberal party It came out as Atwi httpstcorCMhgeo6zr
17657,Iran says it will EVER give nuclear site images to UN as monitoring deal expires Good it was the ZioNazi run httpstcoCWFobo7Z9A,Iran says it will NEVER give nuclear site images to UN as monitoring deal expires Good it was the ZioNazi run httpstcoCWFobo7Z9A
17664,@O17A03 Really For the last five years theyre the ones who are calling me a ioNazi or baby killer or telling m httpstcovLmNlhOOkq,@O17A03 Really For the last five years theyre the ones who are calling me a ZioNazi or baby killer or telling m httpstcovLmNlhOOkq
17685,RT @theforeverman his is End of Case Against Assange Snowden Says After Report Reveals Lies in Journos Indictment but it wont be,RT @theforeverman This is End of Case Against Assange Snowden Says After Report Reveals Lies in Journos Indictment but it wont be
17686,his is End of Case Against Assange Snowden Says After Report Reveals Lies in Journos Indictment but it won httpstco9W3r2ai9Gy,This is End of Case Against Assange Snowden Says After Report Reveals Lies in Journos Indictment but it won httpstco9W3r2ai9Gy
17839,RT @OpIndiacom ome Minister Amit Shah has assured safety of minority Sikh girls in Jammu and Kashmir will meet delegation soon Manji,RT @OpIndiacom Home Minister Amit Shah has assured safety of minority Sikh girls in Jammu and Kashmir will meet delegation soon Manji
17851,RT @SachinA108 nce a Hindu girl is ensnared in love-dragnet the Jihadi boy threatens her saying that he will marry her only if she embr,RT @SachinA108 Once a Hindu girl is ensnared in love-dragnet the Jihadi boy threatens her saying that he will marry her only if she embr
17869,RT @MohanHJS 1 month of UP lovejihaad law 14 cases 49 in jail woman ictim complainant in only twoUP ove jihad law 13 cases,RT @MohanHJS 1 month of UP lovejihaad law 14 cases 49 in jail woman victim complainant in only twoUP love jihad law 13 cases
17874,RT @OpIndiacom ome Minister Amit Shah has assured safety of minority Sikh girls in Jammu and Kashmir will meet delegation soon Manji,RT @OpIndiacom Home Minister Amit Shah has assured safety of minority Sikh girls in Jammu and Kashmir will meet delegation soon Manji
17878,RT @OpIndiacom ome Minister Amit Shah has assured safety of minority Sikh girls in Jammu and Kashmir will meet delegation soon Manji,RT @OpIndiacom Home Minister Amit Shah has assured safety of minority Sikh girls in Jammu and Kashmir will meet delegation soon Manji
17885,RT @OpIndiacom ome Minister Amit Shah has assured safety of minority Sikh girls in Jammu and Kashmir will meet delegation soon Manji,RT @OpIndiacom Home Minister Amit Shah has assured safety of minority Sikh girls in Jammu and Kashmir will meet delegation soon Manji
17981,RT @zehrafahd very disheartening to witness muslims discouraging the physical hijab to younger girls and associating reedom to those wh,RT @zehrafahd very disheartening to witness muslims discouraging the physical hijab to younger girls and associating freedom to those wh
18024,RT @MohanHJS 1 month of UP lovejihaad law 14 cases 49 in jail woman ictim complainant in only twoUP ove jihad law 13 cases,RT @MohanHJS 1 month of UP lovejihaad law 14 cases 49 in jail woman victim complainant in only twoUP love jihad law 13 cases
18066,RT @Bakthavtsala Use for Jihadi activitiesccording to a CBI report around 4000 girls who were converted to Islam through ove Jihad,RT @Bakthavtsala Use for Jihadi activitiesAccording to a CBI report around 4000 girls who were converted to Islam through Love Jihad
18098,RT @Yamanu76669807 NeedHinduRashtra Current statistics show one woman is molested every 26 min aped every 34 minexually ex,RT @Yamanu76669807 NeedHinduRashtra Current statistics show one woman is molested every 26 min raped every 34 minsexually ex
18100,NeedHinduRashtra Current statistics show one woman is molested every 26 min aped every 34 minexuall httpstcoY1DmWyOUX5,NeedHinduRashtra Current statistics show one woman is molested every 26 min raped every 34 minsexuall httpstcoY1DmWyOUX5
18107,RT @Bakthavtsala Use for Jihadi activitiesccording to a CBI report around 4000 girls who were converted to Islam through ove Jihad,RT @Bakthavtsala Use for Jihadi activitiesAccording to a CBI report around 4000 girls who were converted to Islam through Love Jihad
18116,RT @SachinA108 nce a Hindu girl is ensnared in love-dragnet the Jihadi boy threatens her saying that he will marry her only if she embr,RT @SachinA108 Once a Hindu girl is ensnared in love-dragnet the Jihadi boy threatens her saying that he will marry her only if she embr
18128,RT @PvinaykumarA Hypnotisingometimes Jihadi boys use hypnotism to ensnare Hindu girls in the love-dragnet Girls who are thus hypnoti,RT @PvinaykumarA HypnotisingSometimes Jihadi boys use hypnotism to ensnare Hindu girls in the love-dragnet Girls who are thus hypnoti
18129,RT @PvinaykumarA Use of some special medicines for brainwashing Hindu girlsIn order to develop a ove relationship sometimes Jihadi b,RT @PvinaykumarA Use of some special medicines for brainwashing Hindu girlsIn order to develop a love relationship sometimes Jihadi b
18130,RT @sunny1243 nce a Hindu girl is ensnared in love-dragnet the Jihadi boy threatens her saying that he will marry her only if she embrac,RT @sunny1243 Once a Hindu girl is ensnared in love-dragnet the Jihadi boy threatens her saying that he will marry her only if she embrac
18131,RT @Krishnavallabhi Young Jihadi boys from economically weaker sections are encouraged to participate in ove Jihad by providing them ec,RT @Krishnavallabhi Young Jihadi boys from economically weaker sections are encouraged to participate in Love Jihad by providing them ec
18132,RT @sunny1243 nce a Hindu girl is ensnared in love-dragnet the Jihadi boy threatens her saying that he will marry her only if she embrac,RT @sunny1243 Once a Hindu girl is ensnared in love-dragnet the Jihadi boy threatens her saying that he will marry her only if she embrac
18139,RT @SachinA108 nce a Hindu girl is ensnared in love-dragnet the Jihadi boy threatens her saying that he will marry her only if she embr,RT @SachinA108 Once a Hindu girl is ensnared in love-dragnet the Jihadi boy threatens her saying that he will marry her only if she embr
18141,RT @SachinA108 nce a Hindu girl is ensnared in love-dragnet the Jihadi boy threatens her saying that he will marry her only if she embr,RT @SachinA108 Once a Hindu girl is ensnared in love-dragnet the Jihadi boy threatens her saying that he will marry her only if she embr
18145,RT @SachinA108 nce a Hindu girl is ensnared in love-dragnet the Jihadi boy threatens her saying that he will marry her only if she embr,RT @SachinA108 Once a Hindu girl is ensnared in love-dragnet the Jihadi boy threatens her saying that he will marry her only if she embr
18146,RT @Bakthavtsala Use for Jihadi activitiesccording to a CBI report around 4000 girls who were converted to Islam through ove Jihad,RT @Bakthavtsala Use for Jihadi activitiesAccording to a CBI report around 4000 girls who were converted to Islam through Love Jihad
18183,RT @SachinA108 nce a Hindu girl is ensnared in love-dragnet the Jihadi boy threatens her saying that he will marry her only if she embr,RT @SachinA108 Once a Hindu girl is ensnared in love-dragnet the Jihadi boy threatens her saying that he will marry her only if she embr
18394,RT @BasedBashir Commander Data you really must stop calling Lieutenant La Forge a irty nog Hes a valued member of the crewShut,RT @BasedBashir Commander Data you really must stop calling Lieutenant La Forge a dirty nog Hes a valued member of the crewShut
18462,RT @FarhatullahB Calling PMs remarks about Osama as lip of tongue must be welcomed However it would have been far more gracious if i,RT @FarhatullahB Calling PMs remarks about Osama as slip of tongue must be welcomed However it would have been far more gracious if i
18509,RT @MadzMarketing Ill give 100 to one person in 24 hrs- RT amp Subscribe to YouTubeike The Video httpstcoDzdfyRiwU4,RT @MadzMarketing Ill give 100 to one person in 24 hrs- RT amp Subscribe to YouTubeLike The Video httpstcoDzdfyRiwU4
18512,RT @MadzMarketing Ill give 100 to one person in 24 hrs- Retweet amp Follow  @FootballStarsIO upport Their Pin Tweet httpstcoj9,RT @MadzMarketing Ill give 100 to one person in 24 hrs- Retweet amp Follow  @FootballStarsIO Support Their Pin Tweet httpstcoj9
18863,Galloway fires by-election aide over olohoax post httpstcoq0aKf5mTyQ via @JewishNewsUK,Galloway fires by-election aide over Holohoax post httpstcoq0aKf5mTyQ via @JewishNewsUK
18881,RT @Mendelpol @GeorgeGalloway fires by-election aide over olohoax post httpstcoEiHAglyQos BatleyAndSpenByelection,RT @Mendelpol @GeorgeGalloway fires by-election aide over Holohoax post httpstcoEiHAglyQos BatleyAndSpenByelection
18887,RT @Mendelpol @GeorgeGalloway fires by-election aide over olohoax post httpstcoEiHAglyQos BatleyAndSpenByelection,RT @Mendelpol @GeorgeGalloway fires by-election aide over Holohoax post httpstcoEiHAglyQos BatleyAndSpenByelection
18889,RT @Mendelpol @GeorgeGalloway fires by-election aide over olohoax post httpstcoEiHAglyQos BatleyAndSpenByelection,RT @Mendelpol @GeorgeGalloway fires by-election aide over Holohoax post httpstcoEiHAglyQos BatleyAndSpenByelection
18890,Galloway fires by-election aide over olohoax post httpstcojjiuUP1Ats via @JewishNewsUK,Galloway fires by-election aide over Holohoax post httpstcojjiuUP1Ats via @JewishNewsUK
18891,@GeorgeGalloway fires by-election aide over olohoax post httpstcoEiHAglyQos BatleyAndSpenByelection,@GeorgeGalloway fires by-election aide over Holohoax post httpstcoEiHAglyQos BatleyAndSpenByelection
19004,Best Freudian slip Wanted to say reen party member Atwin defected to the liberal party It came out as Atwi httpstcorCMhgeo6zr,Best Freudian slip Wanted to say green party member Atwin defected to the liberal party It came out as Atwi httpstcorCMhgeo6zr
19046,Xi says no more ullying as China marks party centenary Crap Hes no Mao  amp still kowtows to the ZioNazi US httpstcozBEbQPggGG,Xi says no more bullying as China marks party centenary Crap Hes no Mao  amp still kowtows to the ZioNazi US httpstcozBEbQPggGG
19050,@PhotoshopTruth @BloombergLive @business @BorisJohnson WowThis is literally the most-creative ZioN SPAM httpstco4KLaxyRHSb,@PhotoshopTruth @BloombergLive @business @BorisJohnson WowThis is literally the most-creative ZioNz SPAM httpstco4KLaxyRHSb
19151,RT @qazizaid89 Sikh woman withdraws rape complaint against Muslim brothers in UP says as pressured by Hindu organizations httpstco,RT @qazizaid89 Sikh woman withdraws rape complaint against Muslim brothers in UP says was pressured by Hindu organizations httpstco
19209,Islamist Pakistan Defends China Muslim Genocide httpstcowy9cM7WCY3 via @BreitbartNews  @irinatsukerman,Islamist Pakistan Defends Chinas Muslim Genocide httpstcowy9cM7WCY3 via @BreitbartNews  @irinatsukerman
19282,Porky the Pig Raps as the Notorious PIG in pace Jam A NewLegacy httpstcotJlWbc53k6,Porky the Pig Raps as the Notorious PIG in Space Jam A NewLegacy httpstcotJlWbc53k6
19382,RT @jihadwatchRS Australia After 2 12 years of study coroner says jihad murderer motivated by xtremist interpretation of Islam https,RT @jihadwatchRS Australia After 2 12 years of study coroner says jihad murderer motivated by extremist interpretation of Islam https
19395,RT @jihadwatchRS Ilhan Omar has no regrets about grouping US Israel with jihad terror groups calls critics slamophobic httpstcoJ,RT @jihadwatchRS Ilhan Omar has no regrets about grouping US Israel with jihad terror groups calls critics Islamophobic httpstcoJ
19431,RT @jihadwatchRS Australia After 2 12 years of study coroner says jihad murderer motivated by xtremist interpretation of Islam https,RT @jihadwatchRS Australia After 2 12 years of study coroner says jihad murderer motivated by extremist interpretation of Islam https
19475,Germany Mayor of city where jihadi murdered 3 justifies massacre ow would you feel as a foreigner in our city httpstcoZErgyrJ7Nc,Germany Mayor of city where jihadi murdered 3 justifies massacre How would you feel as a foreigner in our city httpstcoZErgyrJ7Nc
19609,@ZarTweets @ashutosh21293 @schaheid Abe @llah ke zaant ke b that University was Hindu University Your forefat httpstco3SnEjSsSOd,@ZarTweets @ashutosh21293 @schaheid Abe @llah ke zaant ke bl that University was Hindu University Your forefat httpstco3SnEjSsSOd
19796,@Osamaberwari Wayaaa astee fast xosh,@Osamaberwari Wayaaa rastee fast xosh
